{"0 -1 -1 -1 -1 -1 1 1 1 -1 1 0 1 1 1 -1 1 0 1 1 0 0 1 0 -1 ": [[0.0, 0.0, 0.0, 0.0, 0.0], [0.0, 0.0, 0.0, 0.0, 0.0], [0.0, 0.0, 0.0, 0.0, 0.0], [0.0, 0.0, 0.0, 0.0, 0.0], [0.0, 0.0, 0.0, 0.0, 0.0]], "0 -1 -1 -1 -1 -1 1 1 1 -1 1 0 1 1 1 -1 1 0 1 1 0 1 1 0 -1 ": [[0.0, 0.0, 0.0, 0.0, 0.0], [0.0, 0.0, 0.0, 0.0, 0.0], [0.0, 0.0, 0.0, 0.0, 0.0], [0.0, 0.0, 0.0, 0.0, 0.0], [0.0, 100.0, 0.0, 0.0, 0.0]], "0 -1 -1 -1 -1 -1 1 1 1 -1 1 0 1 1 1 0 1 0 1 1 0 0 1 0 -1 ": [[0.0, 0.0, 0.0, 0.0, 0.0], [0.0, 42.0, 0.0, 0.0, 0.0], [0.0, 0.0, 0.0, 0.0, 0.0], [0.0, 0.0, 0.0, 0.0, 0.0], [0.0, 0.0, 0.0, 0.0, 0.0]], "0 -1 -1 0 -1 -1 0 1 1 -1 1 0 1 1 1 0 1 0 1 1 -1 -1 1 0 -1 ": [[0.0, 0.0, 0.0, 0.0, 0.0], [0.0, 0.0, 0.0, 0.0, 0.0], [17.8, 0.0, 0.0, 0.0, 0.0], [0.0, 0.0, 0.0, 0.0, 0.0], [0.0, 0.0, 0.0, 0.0, 0.0]], "0 -1 -1 0 -1 0 0 1 1 -1 0 0 1 1 1 -1 1 0 1 1 -1 -1 1 0 -1 ": [[0.0, 0.0, 0.0, 0.0, 0.0], [0.0, 0.0, 0.0, 0.0, 0.0], [0.0, 0.0, 7.620000000000001, 0.0, 0.0], [0.0, 0.0, 0.0, 0.0, 0.0], [0.0, 0.0, 0.0, 0.0, 0.0]], "0 -1 -1 0 0 0 0 1 1 -1 0 0 0 1 1 -1 1 -1 1 1 -1 -1 1 0 -1 ": [[0.0, 0.0, 0.0, 0.0, 0.0], [0.0, 0.0, 0.0, 0.0, 0.0], [0.0, 0.0, 0.0, 0.0, 0.0], [0.0, 0.0, 0.0, 0.0, 0.0], [0.0, 0.0, 3.0480000000000005, 0.0, 0.0]], "0 -1 -1 0 0 0 0 1 1 -1 0 0 0 1 1 -1 1 -1 1 1 -1 0 0 0 -1 ": [[0.0, 0.0, 0.0, 0.0, 0.0], [0.0, 0.0, 0.0, 0.0, 0.0], [0.0, 0.0, 0.0, 0.0, 1.2192000000000003], [0.0, 0.0, 0.0, 0.0, 0.0], [0.0, 0.0, 0.0, 0.0, 0.0]], "0 -1 -1 0 0 0 0 1 1 -1 0 0 0 1 0 0 1 -1 1 1 -1 0 0 0 -1 ": [[0.0, 0.0, 0.0, 0.0, 0.0], [0.0, 0.0, 0.0, 0.0, 0.0], [0.0, 0.0, 0.0, 0.0, 0.0], [0.0, 0.0, 0.0, 0.0, 0.4876800000000001], [0.0, 0.0, 0.0, 0.0, 0.0]], "0 -1 -1 0 0 0 0 1 1 -1 0 0 0 1 0 0 1 -1 1 0 -1 0 0 0 0 ": [[0.0, 0.0, 0.0, 0.0, 0.0], [0.0, 0.0, 0.19507200000000005, 0.0, 0.0], [0.0, 0.0, 0.0, 0.0, 0.0], [0.0, 0.0, 0.0, 0.0, 0.0], [0.0, 0.0, 0.0, 0.0, 0.0]], "0 -1 -1 0 0 0 0 0 1 0 0 0 0 1 0 0 1 -1 1 0 -1 0 0 0 0 ": [[0.0, 0.0, 0.0, 0.0, 0.0], [0.0, 0.0, 0.0, 0.07802880000000002, 0.0], [0.0, 0.0, 0.0, 0.0, 0.0], [0.0, 0.0, 0.0, 0.0, 0.0], [0.0, 0.0, 0.0, 0.0, 0.0]], "0 -1 -1 0 0 0 0 0 0 0 0 0 0 1 0 0 1 -1 1 0 0 0 0 0 0 ": [[0.0, 0.0, 0.0, 0.0, 0.0], [0.0, 0.0, 0.0, 0.0, 0.0], [0.0, 0.0, 0.0, 0.0, 0.0], [0.0, 0.0, 0.0, 0.03121152000000001, 0.0], [0.0, 0.0, 0.0, 0.0, 0.0]], "0 -1 0 0 0 0 0 0 0 0 0 0 0 1 0 0 1 -1 0 0 0 0 0 0 0 ": [[0.0, 0.0, 0.0, 0.0, 0.0], [0.0, 0.0, 0.0, 0.0, 0.0], [0.0, 0.0, 0.0, 0.012484608000000005, 0.0], [0.0, 0.0, 0.0, 0.0, 0.0], [0.0, 0.0, 0.0, 0.0, 0.0]], "0 0 0 0 0 0 0 0 0 0 0 0 0 0 0 0 1 -1 0 0 0 0 0 0 0 ": [[0.0, 0.0, 0.0, 0.0, 0.0], [0.0, 0.0, 0.0, 0.0, 0.0], [0.0, 0.0, 0.0, 0.0, 0.0], [0.0, 0.004993843200000002, 0.0, 0.0, 0.0], [0.0, 0.0, 0.0, 0.0, 0.0]]}