{"0 1 1 1 -1 1 1 -1 -1 -1 1 1 1 -1 -1 0 -1 1 0 -1 -1 -1 1 1 -1 ": [[0.0, 0.0, 0.0, 0.0, 0.0], [0.0, 0.0, 0.0, 0.0, 0.0], [0.0, 0.0, 0.0, 0.0, 0.0], [0.0, 0.0, 0.0, 0.0, 0.0], [0.0, 0.0, 0.0, 0.0, 0.0]], "0 1 1 1 0 1 1 -1 -1 -1 1 1 1 -1 -1 0 -1 1 1 -1 -1 -1 1 1 -1 ": [[0.0, 0.0, 0.0, 0.0, 0.0], [0.0, 0.0, 0.0, 0.0, 0.0], [0.0, 0.0, 0.0, 0.0, 0.0], [0.0, 0.0, 0.0, 100.0, 0.0], [0.0, 0.0, 0.0, 0.0, 0.0]], "0 1 1 1 -1 1 1 -1 -1 -1 1 1 1 -1 -1 0 -1 1 0 -1 -1 0 1 1 -1 ": [[0.0, 40.5, 0.0, 0.0, 0.0], [0.0, 0.0, 0.0, 0.0, 0.0], [0.0, 0.0, 0.0, 0.0, 0.0], [0.0, 0.0, 0.0, 0.0, 0.0], [0.0, 0.0, 0.0, 0.0, 0.0]], "-1 0 1 1 -1 1 1 -1 -1 -1 1 1 1 -1 0 0 -1 1 0 -1 -1 0 1 1 -1 ": [[0.0, 0.0, 0.0, 0.0, 0.0], [0.0, 0.0, 0.0, 0.0, 0.0], [0.0, 0.0, 16.2, 0.0, 0.0], [0.0, 0.0, 0.0, 0.0, 0.0], [0.0, 0.0, 0.0, 0.0, 0.0]], "-1 0 1 1 -1 1 1 -1 -1 -1 1 1 0 0 0 0 -1 1 0 -1 -1 0 1 1 -1 ": [[0.0, 0.0, 0.0, 6.48, 0.0], [0.0, 0.0, 0.0, 0.0, 0.0], [0.0, 0.0, 0.0, 0.0, 0.0], [0.0, 0.0, 0.0, 0.0, 0.0], [0.0, 0.0, 0.0, 0.0, 0.0]], "-1 0 1 0 -1 1 1 -1 -1 0 1 1 0 0 0 0 -1 1 0 -1 -1 0 1 1 -1 ": [[0.0, 0.0, 2.5920000000000005, 0.0, 0.0], [0.0, 0.0, 0.0, 0.0, 0.0], [0.0, 0.0, 0.0, 0.0, 0.0], [0.0, 0.0, 0.0, 0.0, 0.0], [0.0, 0.0, 0.0, 0.0, 0.0]], "-1 0 0 0 -1 1 1 -1 -1 0 1 1 0 0 0 0 -1 1 0 -1 -1 0 1 1 0 ": [[0.0, 0.0, 0.0, 0.0, 0.0], [0.0, 0.0, 0.0, 0.0, 0.0], [0.0, 0.0, 0.0, 0.0, 0.0], [0.0, 0.0, 0.0, 0.0, 0.0], [0.0, 0.0, 0.0, 1.0368000000000002, 0.0]], "-1 0 0 0 0 1 1 -1 -1 0 1 1 0 0 0 0 -1 1 0 -1 -1 0 1 0 0 ": [[0.0, 0.0, 0.0, 0.0, 0.0], [0.0, 0.0, 0.0, 0.0, 0.0], [0.4147200000000001, 0.0, 0.0, 0.0, 0.0], [0.0, 0.0, 0.0, 0.0, 0.0], [0.0, 0.0, 0.0, 0.0, 0.0]], "-1 0 0 0 0 1 1 -1 -1 0 0 1 0 0 0 0 -1 1 0 -1 0 0 1 0 0 ": [[0.0, 0.0, 0.0, 0.0, 0.0], [0.0, 0.0, 0.0, 0.0, 0.0], [0.0, 0.0, 0.0, 0.0, 0.0], [0.0, 0.0, 0.0, 0.0, 0.0], [0.0, 0.0, 0.16588800000000004, 0.0, 0.0]], "0 0 0 0 0 1 1 -1 -1 0 0 1 0 0 0 0 -1 1 0 -1 0 0 0 0 0 ": [[0.0, 0.0, 0.0, 0.0, 0.0], [0.06635520000000002, 0.0, 0.0, 0.0, 0.0], [0.0, 0.0, 0.0, 0.0, 0.0], [0.0, 0.0, 0.0, 0.0, 0.0], [0.0, 0.0, 0.0, 0.0, 0.0]], "0 0 0 0 0 0 1 -1 0 0 0 1 0 0 0 0 -1 1 0 -1 0 0 0 0 0 ": [[0.0, 0.0, 0.0, 0.0, 0.0], [0.0, 0.0, 0.0, 0.0, 0.0], [0.0, 0.02654208000000001, 0.0, 0.0, 0.0], [0.0, 0.0, 0.0, 0.0, 0.0], [0.0, 0.0, 0.0, 0.0, 0.0]], "0 0 0 0 0 0 1 -1 0 0 0 0 0 0 0 0 -1 1 0 0 0 0 0 0 0 ": [[0.0, 0.0, 0.0, 0.0, 0.0], [0.0, 0.0, 0.0, 0.0, 0.0], [0.0, 0.0, 0.0, 0.0, 0.0], [0.0, 0.0, 0.010616832000000005, 0.0, 0.0], [0.0, 0.0, 0.0, 0.0, 0.0]], "0 0 0 0 0 0 1 -1 0 0 0 0 0 0 0 0 0 0 0 0 0 0 0 0 0 ": [[0.0, 0.0, 0.0, 0.0, 0.0], [0.0, 0.0042467328000000025, 0.0, 0.0, 0.0], [0.0, 0.0, 0.0, 0.0, 0.0], [0.0, 0.0, 0.0, 0.0, 0.0], [0.0, 0.0, 0.0, 0.0, 0.0]]}